1,-0.43959,-0.19946,-0.3643,-0.42743,-0.49677,-0.21762,-0.37504,-0.37179,-0.42609,-0.58691,-0.20761,-0.37406,-0.18071,-0.4315,-0.35237,-0.60865,-0.43143,-0.29676,-0.17574,-0.33562,-0.22943,-0.62403,-0.2311,-0.39866,-0.26309,-0.43674,-0.44763,-0.67763,-0.078847,0.073889,0.33917,0.39107,0.388,0.79974,1.7306,0.40621,-0.54241,-0.12757,-0.53234,-0.30976,-0.54607,-0.40123,-0.87601,-0.77028,-0.42235,-0.27315,-0.0019821,-0.49037,-0.24691,0.19695,1.3219,2.3242,0.91624,-0.81839,-1.2035,-0.80015,-0.064262,0.61437,0.74239,0.58177,0.52702,0.39553,0.30504,0.22405,-0.086295,-0.64345,-0.51213,-0.099347,-0.68903,-0.66223,-0.62744,-0.39077,-0.41985,-0.58841,-0.64409,-0.36676,-0.49278,-0.56945,-0.40964,-0.73454,-0.60345,-0.78312,-0.74627,-0.80559,-0.84484,-0.83548,-0.79916,-0.74681,-0.68206,-0.56493,-0.49862,-0.25918,0.1387,0.26072,0.75835,1.0064,0.96319,1.1546,1.1644,1.4682,1.0508,0.6347,1.3565,0.64406,0.77371,0.49659,0.23459,0.45775,0.87656,0.45023,0.46112,0.67106,0.25409,-0.0018075,0.26024,0.91186,0.49135,0.81744,0.60959,0.89974,0.55181,0.9034,0.69956,0.67977,0.5305,0.4978,0.28684,0.71791,0.5361,0.42398,0.4525,0.66528,0.67146,0.60382,1.0813,1.4391
1,-0.33544,-0.20407,-0.18293,-0.11613,-0.16196,-0.051628,-0.12239,-0.1788,-0.10543,-0.14958,-0.15058,-0.13406,-0.1948,-0.11338,-0.10562,-0.25129,-0.11141,-0.17759,-0.26276,-0.24006,-0.23428,-0.40839,-0.39562,-0.19576,-0.2933,-0.33273,-0.29082,-0.42808,-0.39274,-0.4635,-0.641,-0.72458,-0.66815,-0.66308,-0.41983,-0.026093,0.54031,1.1257,0.01347,-0.067495,-0.051127,-0.23329,-0.038821,-0.51582,-0.58386,-0.47281,-0.71312,-0.79843,-0.60195,-0.73387,-0.73838,-0.26349,0.54931,1.2697,1.3928,0.35204,-0.97234,-1.7137,-0.7113,-0.17538,0.048571,0.087847,-0.084029,-0.2401,-0.47331,-0.44165,-0.66005,-0.59033,-0.84607,-0.64788,-0.48516,-0.4953,-0.61151,-0.61301,-0.65777,-0.66857,-0.7133,-0.69072,-0.57626,-0.3879,-0.077002,0.27827,0.62558,0.95093,1.2694,1.488,1.6153,1.6894,1.6626,1.5104,1.1912,0.94622,0.51299,-0.087061,-0.75626,-0.82104,-0.98383,-1.1336,-0.94005,-0.79516,-0.7403,-0.60532,-0.8014,-0.66294,-0.47881,-0.25753,-0.26605,-0.47702,-0.39743,-0.42414,-0.54883,-0.34637,-0.52069,-0.47769,-0.67082,-0.54543,-0.64488,-0.4611,-0.64181,-0.66088,-0.55145,-0.60788,-0.6997,-0.68833,-0.75242,-0.75367,-0.76401,-0.75211,-0.81279,-0.54678,-0.52599,-0.52024,-0.57943,-0.48695,-0.54046,-0.54742
2,2.6935,1.1067,0.99722,0.97755,1.0899,1.1043,1.2582,1.1681,1.4125,1.0911,1.3629,1.2595,1.6399,1.5116,1.5939,1.4969,1.5253,1.3228,1.2904,1.0684,1.1534,1.6263,1.4319,1.6508,1.1478,1.2778,1.5302,1.407,1.1753,1.0651,0.72104,0.42495,0.36899,-0.036443,-0.35742,-0.0085854,2.3017,1.9467,2.3697,0.97101,0.29919,0.041997,-0.14369,-0.72833,-0.053932,0.9546,1.0316,0.31914,-0.13848,-0.48626,-0.55719,-0.18268,0.52299,0.76179,1.0047,1.2739,1.1765,-0.67847,-1.9961,-2.1979,-2.4406,-2.6346,-3.0148,-2.6581,-1.1041,-0.69582,-0.094484,-0.34859,-0.54318,-0.62964,-0.51516,-1.2448,-1.1472,-1.2574,-1.336,-1.2228,-1.2432,-1.442,-1.5477,-1.432,-1.2286,-0.93101,-0.66565,-0.40023,-0.13991,0.037134,0.18286,0.064778,0.018422,-0.20473,-0.05427,-0.26808,-0.49361,0.20442,0.71181,-0.30074,-0.22786,-0.49431,-0.59963,-0.84364,-0.20012,-0.20302,0.83865,0.46676,0.5458,0.36857,0.9982,0.58386,0.69914,0.10906,0.39314,0.092835,0.59984,0.56531,0.7341,0.13357,0.89932,0.16253,0.74229,0.72791,1.0405,0.67003,0.43515,0.53939,0.64449,0.24941,0.39679,0.38914,0.77559,1.1092,1.1025,1.6664,0.77901,-0.12427,-0.12354,-0.3136
2,-1.2487,-2.1599,-1.8252,-2.0262,-1.9781,-2.0028,-1.8301,-1.5955,-2.0552,-1.6105,-1.9123,-1.6452,-1.6454,-1.3716,-1.4157,-1.3897,-1.3943,-1.3033,-1.1149,-1.0305,-0.85207,-0.66725,-0.62247,-0.082566,-0.3248,-0.269,-0.44846,0.3107,0.051412,0.21961,0.076378,0.029382,0.25108,0.74495,0.93221,1.7233,0.90284,0.40439,0.38282,0.28341,0.94984,2.1957,2.3025,2.2402,2.5248,2.4414,2.4364,2.4324,0.59418,-0.13041,0.021613,0.52528,-0.61829,-0.98856,-1.1356,-0.63652,-0.057181,0.4918,0.73513,0.82471,0.86603,1.1127,1.519,2.2033,3.0624,3.1215,3.0158,3.3475,2.8869,2.3446,2.1444,1.672,1.2348,1.0214,0.94557,0.92611,0.89021,0.87502,0.89403,0.74409,0.44453,0.077128,-0.36575,-0.72716,-0.90512,-0.9273,-0.84898,-0.70201,-0.55119,-0.37512,-0.11118,0.1777,0.67845,0.70346,2.1458,1.7998,1.8059,1.2932,1.2656,1.3076,1.1801,0.89329,0.92085,0.83851,0.78491,0.58193,0.7575,0.66054,0.72471,0.66621,0.58694,0.63412,0.64583,0.5467,0.31207,0.36933,0.50029,0.42885,0.40928,0.32496,0.31836,0.24927,0.35205,0.33999,0.93027,1.1405,0.21822,-0.20939,-0.51085,-0.6911,-1.1244,-0.89529,-0.52491,-0.4045,-0.54874,-0.37684
1,0.097302,0.83108,0.82966,0.8449,0.92156,0.61351,0.70293,0.86749,0.49314,1.0266,0.93779,0.89406,0.93862,0.7432,0.95142,0.97835,1.0304,1.2042,0.96932,1.0951,1.1797,1.0081,1.2518,0.96783,1.0211,0.92429,0.66404,0.86636,0.87573,0.53062,0.093446,0.08708,0.52124,0.91642,1.1973,1.5048,-0.65411,-1.1519,-0.76595,-0.52234,0.13167,0.80934,0.73918,0.58247,0.49375,0.94313,0.84616,0.60965,-0.099972,-0.4602,-0.57729,-0.017609,1.0698,0.14608,-0.93629,-1.5101,-0.80271,-0.2069,0.25306,0.40375,0.51973,0.5841,0.73173,0.75519,0.95544,0.68669,0.82702,0.44233,0.27586,0.14824,0.20959,-0.35669,-0.16953,-0.51,-0.3405,-0.70579,-0.69716,-0.8252,-0.7459,-0.61584,-0.50363,-0.12163,0.12042,0.37754,0.64207,0.70888,0.69967,0.56078,0.33783,0.16369,-0.040918,-0.16961,-0.27311,-0.63931,-0.32942,-0.52674,-1.2823,-0.65585,-0.068003,-0.52021,-0.63781,-0.36082,-0.56676,-0.38942,-0.31053,-0.5587,-0.17346,-0.75558,0.30743,-0.38546,-0.43232,-0.20452,-0.51237,-0.09961,-0.39157,-0.31614,-0.35366,-0.48468,0.024537,-0.19401,-0.55288,-0.38254,-0.32667,-0.40155,-0.66664,-0.37529,-0.51568,-0.78444,-0.49974,-0.50997,-0.3305,-0.298,-0.40503,-0.23141,-0.55823,-0.56335
2,-0.048586,0.63151,0.72787,0.6973,0.52341,0.50598,0.70042,0.59072,0.60702,0.38255,0.32583,0.41205,0.51787,0.39769,0.16754,0.44457,0.62581,0.30696,0.52809,0.48197,0.1767,0.16806,0.40916,0.16295,0.3725,0.43338,0.41981,0.65806,0.84117,1.1517,1.0736,1.0061,1.0523,0.72972,0.056288,-0.46159,-0.40038,-0.59459,-0.12442,-0.11011,-0.11778,-0.15563,0.12503,0.19749,0.016256,0.14484,-0.058845,1.6367,3.6098,3.3319,0.73963,-1.6658,-2.254,-0.96922,-0.23086,0.24753,0.64475,0.97434,0.8356,0.66624,0.57341,0.44584,0.32851,0.2489,0.16808,-0.15124,0.057766,-0.019088,0.7454,0.89665,1.2099,1.6318,1.7201,1.7693,1.6336,1.3771,1.1157,0.72881,0.12998,-0.64521,-1.2388,-1.5418,-1.7237,-1.6437,-1.4976,-1.3182,-1.1679,-1.0279,-0.92906,-0.72771,-0.61955,-0.49179,-0.049071,0.24959,0.45476,0.52284,0.42052,0.65946,0.40935,0.29506,0.16252,-0.22276,-0.13021,-0.21553,-0.33294,-0.14986,0.035714,-0.27434,-0.21761,-0.10075,-0.14482,0.051739,-0.0035518,0.091486,-0.051994,0.13375,0.25623,0.10872,0.2387,0.050389,0.055728,0.50204,0.86188,1.0513,1.0979,1.1162,1.4079,0.54384,0.072581,0.060469,-0.27467,-0.16292,-0.33587,-0.25996,-0.30606,-0.18655
2,-1.3347,-2.2093,-2.3037,-2.2413,-2.0921,-2.0997,-2.0568,-2.202,-1.9514,-2.184,-2.0544,-2.0522,-2.0461,-2.1725,-2.0777,-2.1847,-2.0683,-2.169,-2.1565,-2.4433,-2.3914,-2.1759,-2.1695,-2.3569,-2.1825,-2.1712,-2.1073,-2.3945,-1.9904,-2.4851,-2.0363,-2.1741,-2.2254,-1.6538,-1.3428,-0.99906,-1.3617,-1.9861,-2.2426,-2.8984,-2.9526,-2.4691,-1.4762,-1.5248,-1.1933,-1.2169,-1.2117,-1.0749,-0.6989,-0.74401,-0.73384,-0.31105,0.45565,1.0095,0.63547,-0.66215,-1.6553,-1.2561,-0.60594,-0.28927,-0.17798,-0.060282,0.10579,-0.11029,-0.064958,-0.22013,-0.026614,-0.079796,-0.37164,-0.23871,-0.76869,-0.69586,-0.60091,-0.61352,-0.65529,-0.70749,-0.81171,-0.73138,-0.69514,-0.60735,-0.47255,-0.3972,-0.15388,-0.11935,-0.25763,-0.34628,-0.38815,-0.40969,-0.33939,-0.081202,0.29686,0.88168,1.4605,2.3129,2.7142,2.8845,3.0864,3.1474,3.4166,3.2103,3.4801,3.6147,3.229,3.7548,3.7809,3.744,3.5375,3.8385,3.6693,3.9497,3.8652,4.089,4.0259,3.8703,3.1419,3.9705,3.7794,3.906,3.8637,3.8343,3.8611,3.8682,3.8766,3.7165,3.4106,3.3749,3.5225,3.5717,3.7271,3.6682,3.7032,3.1981,3.2791,3.4813,3.5552,3.6105
1,-0.18816,0.14956,0.25193,0.15949,0.39421,0.1785,0.26115,0.37434,0.24952,0.29373,0.28573,0.21435,0.23604,0.11679,0.30567,0.36496,0.13422,0.28408,0.35041,0.13664,0.13757,0.44481,0.23107,0.2075,0.31268,0.53361,0.35596,0.26302,0.027831,-0.29635,-0.344,-0.15665,-0.34497,-0.71741,-0.14874,0.77615,1.0714,1.3839,1.8751,1.6859,0.92116,0.55861,-0.094463,0.80846,-0.5335,-0.54374,-0.43238,-0.39083,-0.6088,-0.6511,-0.71419,-0.24532,0.45197,0.76617,1.3916,2.2729,1.4257,-0.59298,-1.9182,-1.706,-1.4828,-1.125,-0.79204,-0.83962,-1.074,-1.0982,-0.9888,-0.99799,-0.74652,-0.84745,-1.2272,-1.1489,-1.3265,-1.0346,-1.0426,-1.1593,-1.1898,-1.2763,-1.3512,-1.2349,-1.0824,-0.6477,-0.34018,0.064535,0.40446,0.80154,1.0478,1.3664,1.8433,2.0718,2.2184,2.2442,1.7708,1.132,-0.026488,-0.7428,-1.0188,-0.83789,-1.0515,-0.70271,-0.33643,-0.76592,-0.52457,-0.41094,-0.042856,0.07826,-0.24896,0.097912,-0.20895,-0.19004,-0.095599,-0.26383,-0.28384,-0.10978,-0.41728,-0.30031,-0.31911,-0.34998,-0.53759,-0.55526,-0.52359,-0.62055,-0.76244,-0.65564,-0.82537,-0.85524,-0.88395,-0.67931,-0.69125,-0.72913,-0.69388,-0.70389,-0.65178,-0.63912,-0.78021,-0.56998
2,-0.10828,0.57221,0.58898,0.69985,0.68502,0.76586,0.63752,0.67513,0.66652,0.65309,0.51211,0.68327,0.45682,0.63612,0.48663,0.6,0.47601,0.54525,0.64398,0.5108,0.57014,0.52067,0.49369,0.55051,0.63375,0.64468,0.50922,0.69006,0.47738,0.85414,0.96956,1.061,1.0166,1.0591,1.6239,0.92384,0.3598,0.53746,0.20579,0.77132,0.41516,0.50453,0.64151,0.81242,0.58203,0.79739,0.76865,0.70777,-0.059997,0.21832,1.2289,1.5661,0.48413,-0.82347,-1.3315,-0.85261,-0.17787,0.56484,0.71776,0.6056,0.5016,0.41369,0.2278,0.019717,0.043036,0.070005,-0.039803,0.15777,0.18356,0.41072,0.44496,0.70921,0.74198,0.86682,0.92546,0.91605,0.82485,0.60382,0.27211,-0.08221,-0.57269,-0.98941,-1.2856,-1.3832,-1.3392,-1.2181,-1.1046,-0.9912,-0.85209,-0.76019,-0.69393,-0.58474,-0.54431,0.063488,-0.13153,0.31006,0.4875,0.57046,0.28795,0.21041,-0.17456,-0.045638,-0.44615,-0.001744,-0.63229,-0.76048,-0.32748,-0.12309,-0.31216,-0.19575,-0.42394,-0.22612,-0.21695,-0.3644,-0.41724,-0.22473,-0.21351,-0.19259,-0.54183,-0.25773,-0.26248,-0.44952,-0.45029,-0.46644,-0.24089,0.2369,0.24376,0.40578,0.55168,0.72314,0.072719,-0.069318,-0.29214,-0.64773,-0.65299,-0.73019
1,-0.070105,0.58074,0.40223,0.80279,0.56172,0.65232,0.52245,0.71355,0.69547,0.61772,0.70697,0.94189,0.69961,0.71781,0.62118,0.60062,0.86006,0.7986,0.89055,0.87853,0.95949,0.92719,0.71636,0.94251,0.99235,0.90336,1.135,0.6845,0.85241,0.4641,0.22593,-0.0067526,-0.19659,0.81887,1.2306,1.9853,0.89893,-0.1819,-0.7888,-0.61022,0.65012,0.61712,1.0725,0.85917,0.70689,1.0141,0.80538,0.51801,-0.013516,-0.42321,-0.55816,-0.16011,0.68079,1.1488,0.1307,-1.2325,-1.537,-1.1482,-0.10032,0.10702,0.21657,0.46324,0.56488,0.80705,0.61848,1.2635,0.8344,0.83903,0.40004,0.63927,0.19363,-0.32121,-0.22489,-0.37066,-0.65548,-0.82784,-0.83853,-0.84737,-0.89009,-0.84569,-0.6687,-0.36842,-0.035852,0.22689,0.58503,0.74339,1.0301,1.0241,0.93638,0.71124,0.43983,0.10151,-0.094105,-0.66433,-0.74429,-0.27422,-0.6062,-0.9,-0.048457,-0.29386,-1.0016,-0.60878,-0.53385,-0.13234,-0.11083,-0.10738,-0.40673,-0.53911,-0.29881,-0.2861,-0.33607,-0.34858,-0.45668,-0.37113,-0.76633,-0.34947,-0.38607,-0.62778,-0.47387,-0.64185,-0.48671,-0.70913,-0.38626,-0.45655,-0.56413,-0.81643,-0.82954,-0.82069,-0.412,-0.42915,-0.39313,-0.46954,-0.64746,-0.42017,-0.40678,-0.92956
1,-0.52199,-0.30173,-0.33039,-0.38463,-0.49715,-0.34496,-0.52103,-0.71063,-0.44755,-0.54544,-0.61793,-0.57555,-0.68971,-0.65733,-0.43761,-0.66198,-0.62016,-0.65721,-0.80934,-0.67427,-0.7608,-0.81193,-0.85764,-0.85,-0.92621,-0.84982,-0.96634,-0.86552,-1.1392,-1.0979,-1.1473,-1.2632,-0.84407,-1.0377,-0.88614,-0.69067,-0.42198,-0.87186,-0.66294,-0.67909,-0.76917,-0.55752,-0.75133,-0.67116,-0.84878,-0.93827,-0.93786,-0.80994,-0.74938,-0.72753,-0.76197,-0.25389,1.0378,0.95113,0.27153,-0.57413,-1.0784,-0.67319,0.057031,0.33567,0.36225,0.29679,0.12472,-0.053139,-0.30551,-0.34491,-0.5497,-0.50102,-0.48,-0.5366,-0.59232,-0.30587,-0.44113,-0.45173,-0.39645,-0.3947,-0.36462,-0.21862,-0.056068,0.28812,0.62141,0.97262,1.2245,1.537,1.691,1.6833,1.5398,1.3939,1.1165,0.82006,0.53602,0.20138,0.065115,-0.2827,-0.48863,-0.51792,-0.63643,-0.71685,-0.53602,-0.33582,-0.69471,0.022579,-0.20901,-0.15134,-0.18312,-0.23281,-0.12442,-0.19642,-0.34524,-0.22899,-0.12337,-0.28877,-0.22421,-0.22045,-0.35021,-0.28697,-0.44757,-0.45346,-0.46505,-0.36333,-0.30154,-0.44623,-0.17496,-0.49925,-0.39096,-0.50897,-0.6462,-0.54442,-0.4936,-0.44494,-0.27489,-0.28408,-0.32305,-0.21023,-0.33312,-0.29135
1,-0.24145,0.15975,0.084604,0.19237,-0.030995,-0.0016467,-0.054968,-0.0038445,0.066205,-0.024249,0.13391,-0.030566,-0.50453,0.23398,0.082264,0.15799,-0.13161,-0.028306,0.14252,0.013538,0.064204,0.070326,-0.079156,-0.07918,0.080857,-0.047002,-0.22851,-0.24235,-0.33381,-0.11216,-0.29211,0.10605,-0.13055,-0.13105,0.20522,-0.55647,-0.68865,-0.63242,-0.55604,-0.30173,-0.30458,-0.52159,-0.50639,-0.63091,-0.55582,-0.43733,-0.50179,-0.88111,-0.57089,-0.40445,0.42381,0.54298,-0.069263,-0.6681,-0.9198,-0.5557,0.14061,0.73715,0.76435,0.6309,0.52824,0.45372,0.30992,0.26954,0.1723,0.019248,-0.097303,-0.056966,-0.1858,0.11374,0.089289,0.14127,0.043837,0.058865,0.21486,0.29077,0.47111,0.67207,0.90366,1.1926,1.3329,1.4247,1.4113,1.1799,0.8369,0.44361,0.057021,-0.21933,-0.3677,-0.50024,-0.57217,-0.63248,-0.79501,-0.82134,-0.5424,-0.63453,-0.55587,-0.064667,-0.36422,-0.38041,-0.31651,-0.29452,-0.55782,-0.55216,-0.69525,-0.66878,-0.74653,-0.84833,-0.85693,-0.94368,-0.75778,-0.75209,-0.70353,-0.66659,-0.74749,-0.64998,-0.75803,-0.64449,-0.74074,-0.7783,-0.65982,-0.68103,-0.66524,-0.61855,-0.68557,-0.92503,-0.85027,-0.79165,-0.61133,-0.60516,-0.53314,-0.60576,-0.59015,-0.6168,-0.67685,-0.60202
1,-0.41148,-0.28867,-0.39721,-0.31759,-0.27987,-0.2951,-0.41236,-0.35979,-0.42067,-0.17473,-0.36958,-0.29236,-0.38819,-0.28514,-0.34624,-0.33925,-0.36838,-0.24986,-0.55751,-0.29115,-0.34903,-0.46774,-0.4301,-0.39998,-0.46683,-0.71078,-0.30261,-0.51776,-0.25789,0.027273,-0.092472,0.21913,-0.35925,-0.70931,-1.6714,-1.6702,-1.4831,-0.78209,-0.58001,-0.52622,-0.38136,-0.63956,-0.36429,-0.37342,-0.47109,-0.31063,-0.5052,-0.71468,1.0514,0.71202,-1.3011,-1.6392,-1.5786,-0.53986,0.15853,0.54338,0.77575,1.0823,0.8935,0.7077,0.61413,0.58687,0.48128,0.58813,0.45025,0.67747,0.7182,0.5788,0.89361,1.0383,1.0781,1.0958,1.1712,1.256,1.3855,1.5819,1.8282,2.068,2.3012,2.5057,2.4312,2.0519,1.4635,0.72053,0.084322,-0.34314,-0.62225,-0.77505,-0.75017,-0.78997,-0.87193,-0.80645,-0.96169,-0.79941,-1.0528,-0.55262,-0.51048,-0.51474,-0.77943,-0.46434,-0.63185,-0.81396,-0.96254,-0.7301,-0.88989,-0.70113,-0.74015,-0.85841,-1.0315,-0.91848,-0.9258,-0.87835,-0.80035,-0.88803,-0.86172,-0.75925,-0.88621,-0.7245,-0.80685,-0.71731,-0.71545,-0.73147,-0.82267,-0.84304,-0.76917,-0.89868,-0.77948,-0.80062,-0.76982,-0.71785,-0.51379,-0.48315,-0.60765,-0.5368,-0.69937,-0.6435
2,2.6859,0.49623,0.31116,0.48289,0.47393,0.63941,0.54162,0.69811,0.6586,0.76119,0.68755,0.7346,0.57227,0.64205,0.50439,0.63411,0.46143,0.53043,0.32053,0.42932,0.34354,0.3061,0.18785,0.41713,0.2835,0.34271,0.21396,0.37575,0.26402,0.21444,-0.049234,-0.14455,-0.38737,-0.51527,-0.64518,0.25218,0.94626,1.4107,1.2675,1.7136,1.0039,0.8101,0.52438,0.4649,0.34825,0.098102,-0.12116,-0.0065185,-0.44237,-0.607,-0.68497,-0.23597,0.45416,0.71548,1.0137,1.7334,1.1833,0.090273,-1.25,-2.0706,-2.2463,-2.3729,-2.157,-1.7421,-1.5394,-1.3052,-1.4563,-1.2311,-1.2794,-1.4486,-1.2351,-0.98761,-0.98516,-0.803,-0.78398,-0.75811,-0.68352,-0.46833,-0.27162,0.023612,0.30103,0.59923,0.8042,0.91718,0.94079,0.85114,0.60907,0.34805,0.070753,-0.13773,-0.32785,-0.49146,-0.81247,-1.1169,-1.1797,-1.1276,-1.1996,-1.1768,-1.2002,-0.90405,-0.77232,-1.0049,-0.95405,-0.8019,-0.7824,-0.61251,-0.49594,-0.47185,-0.73312,-0.56512,-0.58982,-0.46271,-0.63833,-0.41728,-0.61978,-0.52743,-0.68467,-0.38709,-0.57621,-0.44266,-0.53955,-0.27135,-0.45404,-0.54458,-0.55828,-0.58278,-0.59123,-0.62549,-0.60394,-0.36661,-0.053616,0.08827,0.34215,0.517,0.48348,0.13454
2,-0.16666,0.40335,0.41495,0.52892,0.46937,0.4753,0.37592,0.35432,0.36336,0.31934,0.23539,0.3354,0.1869,0.24345,0.15213,0.22928,0.15978,0.24594,0.12891,0.24122,0.11695,0.10494,-0.02234,0.0060623,0.041435,-0.037956,0.19656,0.11281,0.26586,0.69004,0.56435,0.73409,0.54502,0.4715,-0.58653,-1.0495,-0.73677,-0.55782,-0.15661,-0.24713,0.029893,-0.21119,-0.15022,-0.021062,-0.013521,0.11469,-0.069588,0.0066379,1.2921,1.6357,0.073682,-1.2868,-1.8936,-1.1534,-0.3817,0.072745,0.54185,0.97799,0.84919,0.68455,0.58527,0.54103,0.39907,0.47526,0.47724,0.62387,0.67418,1.0574,1.441,1.9043,2.113,2.4599,2.6466,2.6957,2.6331,2.6039,2.351,2.0412,1.4334,0.69927,-0.23405,-0.99752,-1.4102,-1.5245,-1.5272,-1.338,-1.1783,-1.0664,-0.95029,-0.80888,-0.73282,-0.62692,-0.60054,-0.28712,-0.27596,0.11282,-0.060904,0.23125,-0.3226,-0.37046,-0.27235,-0.62001,-0.60899,-0.68269,-0.68739,-0.68939,-0.63852,-0.25259,-0.25086,-0.25998,-0.19569,-0.15953,-0.10236,-0.20558,-0.2084,0.058468,-0.11419,0.097178,0.074886,0.1945,0.096812,0.18044,0.11438,0.65095,0.9379,0.90904,0.93462,1.1108,0.72274,0.40563,0.11528,0.10305,0.15904,0.19579,0.28729,0.37592
2,0.80032,2.2657,2.4635,2.2423,2.4105,2.3706,2.4748,2.3164,2.3822,2.3615,2.3613,2.3229,2.3899,2.476,2.6447,2.3835,2.5477,2.4083,2.7215,2.6215,2.5735,2.5761,2.6631,2.5051,2.7131,2.5288,2.6896,2.4757,2.6565,2.065,2.6426,2.681,2.747,1.4976,0.86484,0.065919,-0.090327,0.4008,0.61163,1.4086,2.523,2.2779,2.74,2.6134,2.859,2.2191,2.4436,1.9552,0.39704,-0.12711,0.3427,-0.66168,-1.3204,-1.3223,-0.69053,-0.41383,0.098097,0.65947,0.76674,0.69761,0.73198,0.69395,0.89061,0.9223,1.0453,0.84328,0.93988,0.1328,0.62632,0.48658,0.8248,0.47347,0.44085,0.31942,0.50721,0.33681,0.39662,0.38262,0.37033,0.11516,-0.24114,-0.77668,-1.0497,-1.402,-1.4049,-1.3618,-1.2583,-1.1499,-1.0848,-1.185,-1.2053,-1.3945,-1.3096,-1.6293,-1.3553,-1.8442,-0.58077,-1.2697,-1.0804,-1.6474,-1.5,-1.2349,-1.362,-1.2955,-0.91122,-1.362,-1.5656,-1.0992,-1.1067,-0.88365,-1.1233,-1.0008,-0.80174,-1.393,-0.925,-1.0974,-0.8779,-1.1991,-0.7983,-0.86776,-0.90743,-0.72267,-0.49955,-0.81053,-0.56525,-0.086053,0.29106,0.61306,-0.24089,-0.88719,-1.1533,-1.6897,-1.6505,-1.4966,-0.86249,-0.76212
1,-0.57773,-0.7428,-0.61573,-0.67017,-0.675,-0.7156,-0.58896,-0.64817,-0.39661,-0.67011,-0.60713,-0.67692,-0.61886,-0.76229,-0.6446,-0.66227,-0.60378,-1.1336,-0.56574,-0.67206,-0.60737,-0.735,-0.6427,-0.86252,-0.72712,-0.7156,-0.8026,-0.6509,-0.94604,-0.66111,-0.47679,-0.44377,-0.17228,-0.72291,-1.298,-1.8114,-1.5865,-0.99809,-0.70792,-0.75376,-0.54382,-0.67998,-0.71725,-1.0985,-0.54591,-0.48877,-0.55202,-0.58033,-0.68049,0.21045,0.1007,-0.85475,-0.91679,-0.77208,-0.3916,0.089134,0.54168,0.97493,0.84259,0.69673,0.58573,0.51703,0.44622,0.38299,0.4923,0.46341,0.5367,0.35845,0.60565,0.7058,0.61631,0.66659,0.65485,0.70565,0.77144,0.9803,1.1764,1.3919,1.6668,1.9468,2.0911,2.0527,1.7706,1.3321,0.78169,0.29846,-0.072221,-0.3346,-0.48393,-0.55895,-0.56645,-0.68781,-0.56998,-0.61382,-0.7189,-0.4709,-0.068433,-0.29869,-0.40786,-0.27858,-0.27376,-0.47799,-0.42678,-0.53055,-0.60819,-0.31042,-0.47973,-0.6413,-0.62851,-0.49004,-0.50024,-0.57444,-0.57351,-0.5925,-0.48953,-0.59518,-0.63514,-0.48977,-0.5281,-0.59308,-0.57789,-0.49237,-0.61932,-0.54188,-0.62469,-0.69591,-0.49559,-0.64605,-0.46759,-0.48651,-0.39343,-0.42556,-0.38062,-0.36223,-0.44191,-0.36541
1,-0.004802,0.82454,0.85323,0.53733,0.72712,0.62699,0.64122,0.5925,0.5869,0.83752,0.79932,0.49261,0.80768,0.62474,0.57507,0.63957,0.59847,0.51195,0.33354,0.7777,0.77297,0.60429,0.77489,0.39516,0.7569,0.91284,0.6911,0.7319,0.90045,1.1693,1.4266,1.1881,1.2923,2.1307,0.6221,0.30143,0.28975,0.09862,0.30858,-0.098789,0.1323,0.45948,0.17292,0.21078,0.43133,0.15841,0.22253,0.97874,0.92508,1.6026,3.0534,1.197,-0.85308,-1.1157,-0.75568,-0.19029,0.48148,0.92571,0.79196,0.65834,0.55873,0.5159,0.44869,0.46968,-0.15889,0.19294,0.22775,0.13935,0.061091,-0.19004,-0.32302,0.051047,-0.24389,-0.17674,-0.24343,-0.22273,-0.28725,-0.33757,-0.39072,-0.49439,-0.62633,-0.77955,-0.93679,-1.0407,-1.0958,-1.1319,-1.1099,-0.97653,-0.91509,-0.90245,-0.92411,-0.81446,-0.70548,-0.71641,-0.52885,-0.24257,-0.18448,-0.10409,-0.23,-0.43616,-0.1819,-0.017575,-0.39608,-0.78964,-0.71081,-0.80143,-1.2479,-0.53398,-0.76784,-0.56402,-0.39855,-0.44587,-0.29629,-0.36261,-0.54748,-0.52023,-0.44177,-0.38016,-0.58465,-0.63759,-0.53344,-0.48445,-0.6063,-0.50028,-0.91441,-0.57742,-0.59204,-0.57209,-0.74857,-0.4755,-0.19464,-0.33154,-0.26664,-0.29992,-0.45842,-0.32713
1,1.1422,-0.81419,-0.89453,-0.80817,-0.88565,-0.887,-1.0615,-0.96321,-0.87498,-1.0325,-0.89672,-1.2922,-0.9294,-1.0239,-0.98843,-1.2419,-0.99075,-0.80681,-1.0467,-0.88307,-1.0833,-1.1945,-1.1308,-0.97224,-1.0996,-1.1793,-0.98818,-1.1416,-1.4202,-1.5109,-1.401,-1.416,-1.3787,-1.8407,-1.46,-0.71278,-0.06175,0.22208,0.91104,1.1643,0.44965,-0.54541,-0.93025,-0.69513,-1.2215,-1.45,-1.323,-1.2473,-0.94394,-0.79025,-0.7781,-0.33139,0.40259,0.67943,1.1819,1.9154,1.8918,0.41291,-1.7785,-2.0067,-1.9766,-1.8544,-1.3975,-1.4905,-1.6238,-1.2075,-1.3063,-1.3635,-1.3849,-1.4625,-1.2596,-1.1353,-1.0854,-1.211,-1.17,-1.146,-1.282,-1.3175,-1.4519,-1.3432,-1.1223,-0.82048,-0.47077,-0.081953,0.33241,0.67763,1.1013,1.5316,1.9545,2.4389,2.7749,2.9295,3.0785,2.6816,1.2181,0.68095,0.48672,0.57404,0.28459,0.16643,0.55077,0.49112,0.95163,0.79311,0.87221,1.2204,1.0198,1.0436,1.0387,1.1616,1.2732,0.61949,0.9,1.0687,0.79925,0.88175,1.0604,0.91977,0.89125,0.86503,0.95639,0.72007,0.77911,0.66663,0.74889,0.60153,0.59215,0.58225,0.62006,0.61863,0.61273,0.56045,0.78749,0.84977,1.1891,1.1711
1,-0.45027,-0.25261,-0.17842,-0.47076,-0.40397,-0.45426,-0.34011,-0.44129,-0.63658,-0.54889,-0.46308,-0.2795,-0.27628,-0.41386,-0.53888,-0.23301,-0.37401,-0.34683,-0.36607,-0.73261,-0.15223,-0.36308,-0.29883,-0.60598,-0.59499,-0.55281,-0.54717,-0.48911,-0.53253,-0.19894,0.17379,-0.19497,-0.081803,0.18029,0.61824,-0.42949,-0.96707,-0.68942,-0.29374,-0.36417,-0.62152,-0.56597,-0.84498,-0.17355,-0.17664,-0.78637,-0.1015,-0.5404,-0.41252,0.16068,1.2364,1.0473,0.065828,-1.0548,-0.94576,-0.41532,0.23735,0.80905,0.77972,0.63327,0.54911,0.44469,0.4173,0.18746,0.089906,-0.0014824,0.00020144,0.14503,0.24855,-0.17257,-0.042541,0.18589,0.18623,0.24301,0.20538,0.23334,0.37524,0.57703,0.6968,0.82073,0.93876,0.82929,0.69336,0.47986,0.1825,-0.099547,-0.33342,-0.43342,-0.54086,-0.48945,-0.47182,-0.4376,-0.44553,-0.18857,0.3324,0.37085,0.1458,-0.065792,0.073017,0.26703,0.20395,-0.20373,0.17036,-0.094447,-0.22629,-0.10801,0.14224,-0.22839,-0.42336,-0.33922,-0.31172,-0.3629,-0.40183,-0.31513,2.4024,-0.4628,-0.59357,-0.29965,-0.39504,-0.21689,-0.37083,-0.53963,-0.44521,-0.55373,-0.56379,-0.77742,-0.54124,-0.4975,-0.42411,-0.53998,-0.42785,-0.307,-0.30913,-0.38046,-0.2217,-0.2736
1,-0.38056,-0.36627,-0.45085,-0.60516,-0.39834,-0.5782,-0.62613,-0.63995,-0.67326,-0.62937,-0.70507,-0.646,-0.74511,-0.67093,-0.80602,-0.63517,-0.68031,-0.46519,-0.61623,-0.64915,-1.0019,-0.62923,-0.86753,-0.77758,-0.7857,-0.8349,-0.98252,-0.87835,-1.0001,-1.0282,-1.1422,-1.057,-1.0806,-1.0202,-0.75779,-0.32271,0.067211,-0.015787,-0.48425,-0.54074,-0.59379,-0.90623,-0.54064,-0.6764,-0.77153,-0.83837,-0.77972,-0.83463,-0.69304,-0.72222,-0.73465,-0.29792,0.56932,1.3206,0.96376,-0.04206,-0.93738,-1.4346,-0.41284,-0.010231,0.15459,0.17813,0.15729,-0.031955,-0.21157,-0.24963,-0.4384,-0.49391,-0.45699,-0.43969,-0.50413,-0.72147,-0.59752,-0.61924,-0.66289,-0.6707,-0.62207,-0.5233,-0.51649,-0.17398,0.1351,0.49033,0.86697,1.2076,1.5122,1.7677,1.7985,1.8013,1.5778,1.3358,1.0851,0.77876,0.45776,0.029716,-0.13958,-0.38456,-0.48241,-0.31759,-0.34067,-0.29483,-0.18184,-0.042331,-0.11374,-0.096204,-0.076531,0.044063,-0.066487,0.069577,-0.25796,-0.060959,-0.23725,-0.17757,-0.32387,-0.28193,-0.40631,-0.37635,-0.30143,-0.45427,-0.41608,-0.42448,-0.3779,-0.3541,-0.45706,-0.41255,-0.48526,-0.53131,-0.52476,-0.46553,-0.47433,-0.3394,-0.33728,-0.34692,-0.31946,-0.27704,-0.40736,-0.18726
2,-0.078323,0.60138,0.69884,0.83111,0.67291,0.8327,0.81554,0.86197,0.74335,0.76217,0.57279,0.74672,0.56937,0.60501,0.532,0.54601,0.39645,0.70196,0.39324,0.43125,0.4105,0.46149,0.43716,0.64211,0.34199,0.58396,0.41823,0.43632,0.26443,0.092345,-0.23581,-0.25121,-0.10058,0.013114,0.18158,1.0152,1.7093,1.6644,0.78231,0.3407,0.3443,0.096549,-0.31472,-0.16659,-0.27492,-0.42709,-0.58723,-0.56276,-0.53241,-0.67879,-0.70748,-0.24285,0.90004,1.7634,1.8741,0.33448,-1.6983,-2.1963,-0.99842,-0.39623,-0.11998,-0.13011,-0.42466,-0.8013,-1.2665,-1.63,-1.8131,-1.6755,-1.6854,-1.6642,-1.461,-1.0758,-1.0489,-0.82031,-0.67209,-0.50163,-0.42866,-0.35333,-0.30536,-0.33339,-0.40091,-0.40873,-0.54535,-0.6272,-0.75108,-0.80881,-0.84423,-0.78121,-0.75505,-0.69323,-0.68802,-0.55599,-0.59227,-0.29786,-0.28715,-0.079413,0.41646,0.27974,0.40695,0.61738,0.58865,0.57001,0.33616,0.50528,0.45163,0.47934,0.51298,0.50626,0.39519,0.51499,0.50595,0.49802,0.5684,0.77929,0.24499,0.49189,0.72839,0.76115,0.74858,0.73369,0.64016,0.71603,0.61592,0.66271,0.61083,0.57332,0.48791,0.6797,1.1133,1.1378,1.2845,1.4953,1.91,1.8797,1.3487,0.97668
1,-0.81239,-1.0838,-1.0809,-0.92922,-1.0298,-1.117,-0.94239,-1.0977,-0.93694,-0.95018,-0.9372,-1.0388,-0.79574,-1.046,-0.90383,-0.86794,-1.0412,-1.226,-1.0414,-0.73416,-0.79692,-0.74125,-0.84914,-0.86626,-1.0337,-0.94755,-0.71162,-0.72639,-0.56075,-0.76337,-0.44819,-0.095184,-0.21217,-0.31423,0.31082,-0.21596,-0.092775,-0.60529,-0.83237,-0.30895,-0.96845,-0.48463,-0.56873,-0.7433,-0.29567,-0.7024,-0.65721,-0.23207,-0.37605,-0.38223,0.30453,1.4476,0.94334,-0.30632,-1.0958,-0.94951,-0.15833,0.5854,0.74253,0.6185,0.52131,0.44635,0.41212,0.41349,0.33362,0.027352,0.1511,0.25878,0.30108,0.25197,0.11744,-0.2075,0.061784,0.13363,0.038385,0.10607,0.22534,0.26062,0.5398,0.5946,0.77648,0.787,0.74925,0.76148,0.5004,0.2278,0.046052,-0.16629,-0.31642,-0.2721,-0.16337,-0.039878,0.083879,0.50622,0.22177,0.83166,0.58577,0.64047,0.66066,0.72525,0.6991,1.2957,0.79082,0.53491,0.47018,0.30723,0.28932,0.041625,0.12587,-0.01546,0.059516,-0.16384,-0.13399,-0.15423,-0.023866,0.06055,-0.05761,-0.053039,-0.096719,-0.27943,-0.15983,-0.3166,-0.36497,-0.31429,-0.30463,-0.31545,-0.36773,-0.42495,-0.35833,-0.37776,-0.1189,-0.18397,-0.044446,-0.13324,0.073254,-0.03797
